keyword,monthly_searches,competition,seed
beauty by beauty,8100,LOW,gleambytemi
hair and beauty salon near me,3600,LOW,beathestylist
hair beauty salon near me,3600,LOW,beathestylist
nail and hair salon near me,3600,LOW,beathestylist
beauty salon,2900,LOW,beathestylist
beauty parlour salon,2900,LOW,beathestylist
beauty salon beauty salon,2900,LOW,beathestylist
beauty & salon,2900,LOW,beathestylist
beauty and salon,2900,LOW,beathestylist
beauty and beauty salon,2900,LOW,beathestylist
beauty salon beauty,2900,LOW,beathestylist
beauty in salon,2900,LOW,beathestylist
salon beauty salon,2900,LOW,beathestylist
makeup artist,1600,LOW,gleambytemi
makeup artist makeup,1600,LOW,gleambytemi
make up artistry,1600,LOW,gleambytemi
artist makeup artist,1600,LOW,gleambytemi
makeup artist and,1600,LOW,gleambytemi
makeup makeup artist,1600,LOW,gleambytemi
mua artist,1600,LOW,gleambytemi
hair salon,1600,LOW,beathestylist
make up,1300,MEDIUM,gleambytemi
hair stylist,1300,LOW,beathestylist
near me makeup artist,880,LOW,gleambytemi
makeup chair,720,HIGH,gleambytemi
skin tones,720,LOW,gleambytemi
beauty salon lagos,390,LOW,beathestylist
beauty salon in lagos,390,LOW,beathestylist
bridal makeup,260,LOW,gleambytemi
makeup studio near me,260,LOW,gleambytemi
makeup artist lagos,260,LOW,gleambytemi
bridal makeup bridal makeup,260,LOW,gleambytemi
bridal makeup makeup,260,LOW,gleambytemi
bride to be makeup,260,LOW,gleambytemi
bridal bridal makeup,260,LOW,gleambytemi
bridal makeup for bride,260,LOW,gleambytemi
bridal cosmetic,260,LOW,gleambytemi
hair salon logo,260,LOW,beathestylist
salon in ikeja,260,LOW,beathestylist
hair salon lagos,210,LOW,beathestylist
makeup steps,170,LOW,gleambytemi
step by step makeup,170,LOW,gleambytemi
makeup by step,170,LOW,gleambytemi
step by step of makeup,170,LOW,gleambytemi
step by step on makeup,170,LOW,gleambytemi
step by step makeup steps,170,LOW,gleambytemi
uk salon,170,LOW,beathestylist
gele makeup,140,LOW,gleambytemi
makeup eye makeup,140,MEDIUM,gleambytemi
hair salon near me for ladies,140,LOW,beathestylist
makeup looks,110,LOW,gleambytemi
makeup for face,110,MEDIUM,gleambytemi
makeup look makeup,110,LOW,gleambytemi
makeup studio makeup,110,LOW,gleambytemi
look for makeup,110,LOW,gleambytemi
look at makeup,110,LOW,gleambytemi
makeup makeup studio,110,LOW,gleambytemi
look makeup,110,LOW,gleambytemi
makeup face makeup,110,MEDIUM,gleambytemi
beauty all,110,LOW,gleambytemi
soft glam makeup,90,LOW,gleambytemi
beauty tips,90,LOW,gleambytemi
beauty tips beauty tips,90,LOW,gleambytemi
beauty beauty tips,90,LOW,gleambytemi
beauty salon in us,90,LOW,beathestylist
makeup application,70,LOW,gleambytemi
makeup styling,70,LOW,gleambytemi
makeup artwork,70,LOW,gleambytemi
training makeup artist,70,LOW,gleambytemi
makeup in nigeria,70,LOW,gleambytemi
makeup makeup style,70,LOW,gleambytemi
beauty parlour,70,LOW,beathestylist
hair salon ikeja,70,LOW,beathestylist
beauty parlour beauty parlour beauty parlour beauty parlour,70,LOW,beathestylist
beauty parlour beauty parlour beauty parlour,70,LOW,beathestylist
beauty parlour beauty parlour,70,LOW,beathestylist
salon lagos,70,LOW,beathestylist
beauty parlour beauty,70,LOW,beathestylist
parlour beauty parlour,70,LOW,beathestylist
wedding makeup,50,LOW,gleambytemi
wedding makeup artist,50,LOW,gleambytemi
glam makeup,50,LOW,gleambytemi
soft glam,50,LOW,gleambytemi
wedding makeup looks,50,LOW,gleambytemi
bridal makeup looks,50,LOW,gleambytemi
my look,50,LOW,gleambytemi
wedding day makeup artist,50,LOW,gleambytemi
makeup no makeup look,50,LOW,gleambytemi
glam beauty,50,LOW,gleambytemi
makeup wedding makeup,50,LOW,gleambytemi
makeup artist in nigeria,50,LOW,gleambytemi
makeup artist ikeja,50,LOW,gleambytemi
wedding day makeup looks,50,LOW,gleambytemi
makeup artist for bride,50,LOW,gleambytemi
makeup artist in ikeja,50,LOW,gleambytemi
makeup for no makeup look,50,LOW,gleambytemi
make up artist around me,50,LOW,gleambytemi
makeup wedding artist,50,LOW,gleambytemi
wedding cosmetic,50,LOW,gleambytemi
no look makeup,50,LOW,gleambytemi
glam soft,50,LOW,gleambytemi
makeup with no makeup look,50,LOW,gleambytemi
makeup check,50,LOW,gleambytemi
hair place,50,LOW,beathestylist
women salon,50,LOW,beathestylist
hair style salon,50,LOW,beathestylist
hair salon in ikeja,50,LOW,beathestylist
best hair salon in ikeja,50,LOW,beathestylist
bridal makeup artist,40,LOW,gleambytemi
makeup artist services,40,LOW,gleambytemi
skin prep for makeup,40,LOW,gleambytemi
beauty makeup,40,LOW,gleambytemi
makeup artist bridal makeup,40,LOW,gleambytemi
bridal makeup specialist,40,LOW,gleambytemi
birthday makeup,40,LOW,gleambytemi
full glam makeup,40,LOW,gleambytemi
website makeup,40,HIGH,gleambytemi
makeup artist in lekki,40,LOW,gleambytemi
bridal makeup photos,40,LOW,gleambytemi
wedding makeup photos,40,LOW,gleambytemi
prepare skin for makeup,40,LOW,gleambytemi
best hair salon near me,40,LOW,beathestylist
best hair stylist near me,40,LOW,beathestylist
salon website,40,LOW,beathestylist
best beauty salon near me,40,LOW,beathestylist
salon hair,40,LOW,beathestylist
beauty salon uk,40,LOW,beathestylist
near me best hair salon,40,LOW,beathestylist
beauty parlour in uk,40,LOW,beathestylist
hair stylist in lagos,40,LOW,beathestylist
hair stylist lagos,40,LOW,beathestylist
make up for,30,LOW,gleambytemi
beauty glam,30,LOW,gleambytemi
makeup photos,30,LOW,gleambytemi
bridal makeup studio,30,LOW,gleambytemi
makeup studio bridal makeup,30,LOW,gleambytemi
make up for the bride,30,LOW,gleambytemi
make up artist light,30,HIGH,gleambytemi
glam look,30,LOW,gleambytemi
best for makeup,30,LOW,gleambytemi
hair salon website,30,LOW,beathestylist
bridal hair stylist near me,30,LOW,beathestylist
beauty hair salon,30,LOW,beathestylist
hair dressing salon near me,30,LOW,beathestylist
bridal hair salon near me,30,LOW,beathestylist
d salon,30,LOW,beathestylist
salon ikeja,30,LOW,beathestylist
beauty salon in nigeria,30,LOW,beathestylist
bridal looks,20,LOW,gleambytemi
makeup tips,20,LOW,gleambytemi
makeup training,20,LOW,gleambytemi
bridal makeup artist near me,20,LOW,gleambytemi
beautiful makeup,20,LOW,gleambytemi
skin prep,20,LOW,gleambytemi
makeup artistry courses,20,LOW,gleambytemi
beauty services,20,LOW,gleambytemi+beathestylist
steps to do makeup,20,LOW,gleambytemi
makeup artist in victoria island,20,LOW,gleambytemi
full makeup,20,LOW,gleambytemi
makeup full makeup,20,LOW,gleambytemi
before makeup and after makeup,20,LOW,gleambytemi
before makeup after makeup,20,LOW,gleambytemi
makeup advice,20,LOW,gleambytemi
full make up,20,LOW,gleambytemi
glamor makeup,20,MEDIUM,gleambytemi
beauty photoshoot,20,LOW,gleambytemi
step by step to do makeup,20,LOW,gleambytemi
before and after makeup,20,LOW,gleambytemi
full glam,20,LOW,gleambytemi
simple bridal makeup,20,LOW,gleambytemi
blog beauty,20,LOW,gleambytemi
best makeup artist in lagos,20,LOW,gleambytemi
beauty is beauty,20,LOW,gleambytemi
beauty and glam,20,LOW,gleambytemi
makeup waterproof makeup,20,MEDIUM,gleambytemi
hair appointment,20,LOW,beathestylist
beauty salon website,20,LOW,beathestylist
ladies salon,20,LOW,beathestylist
best salon,20,LOW,beathestylist
hair and beauty salon,20,LOW,beathestylist
hair beauty salon,20,LOW,beathestylist
beauty salon in my area,20,LOW,beathestylist
hair salon near me and prices,20,LOW,beathestylist
beauty and hair salon,20,LOW,beathestylist
hair cutting parlour near me,20,LOW,beathestylist
beauty salon hair,20,LOW,beathestylist
hair salon and beauty,20,LOW,beathestylist
salon hair and beauty,20,LOW,beathestylist
makeup services,10,LOW,gleambytemi
bridal make up artist,10,,gleambytemi
wedding make up artist,10,LOW,gleambytemi
make up artist for wedding,10,,gleambytemi
my makeup,10,LOW,gleambytemi
wedding make up,10,LOW,gleambytemi
make up services,10,LOW,gleambytemi
book a makeup artist,10,LOW,gleambytemi
artistry makeup,10,LOW,gleambytemi
makeup artist home service,10,LOW,gleambytemi
event makeup artist,10,LOW,gleambytemi
makeup booking,10,HIGH,gleambytemi
makeup at home service,10,LOW,gleambytemi
makeup application near me,10,,gleambytemi
beauty artist,10,LOW,gleambytemi
event makeup,10,LOW,gleambytemi
wedding makeup artist near me,10,,gleambytemi
looking for makeup artist,10,,gleambytemi
nearby makeup artist,10,LOW,gleambytemi
makeup artist in,10,LOW,gleambytemi
glow makeup,10,LOW,gleambytemi
makeup specialist,10,,gleambytemi
make up make up make up make up,10,,gleambytemi
make up make up artist,10,,gleambytemi
premium makeup,10,MEDIUM,gleambytemi
makeup services near me,10,LOW,gleambytemi
bridal makeup services,10,LOW,gleambytemi
skin makeup,10,LOW,gleambytemi
luxury makeup,10,LOW,gleambytemi
photoshoot makeup,10,LOW,gleambytemi
makeup representative,10,,gleambytemi
makeup for wedding day,10,,gleambytemi
makeup lagos,10,LOW,gleambytemi
make up artist training,10,LOW,gleambytemi
makeup artist near me home service,10,,gleambytemi
a make up artist,10,LOW,gleambytemi
gleam beauty,10,LOW,gleambytemi
most popular makeup,10,,gleambytemi
makeup session,10,LOW,gleambytemi
makeup and photoshoot,10,,gleambytemi
skin prep before makeup,10,LOW,gleambytemi
bridesmaids makeup,10,LOW,gleambytemi
make up artist courses near me,10,,gleambytemi
gleam makeup,10,,gleambytemi
makeup artist for bridal makeup,10,,gleambytemi
the makeup artist,10,,gleambytemi
for makeup artist,10,,gleambytemi
make up book,10,HIGH,gleambytemi
makeup at home,10,,gleambytemi
makeup in lagos,10,LOW,gleambytemi
makeup nearby,10,,gleambytemi
bridal beauty,10,LOW,gleambytemi
glam makeup artist,10,,gleambytemi
bridal artist,10,LOW,gleambytemi
making makeup,10,LOW,gleambytemi
premium beauty,10,LOW,gleambytemi
home service makeup artist near me,10,,gleambytemi
bridal makeup courses,10,LOW,gleambytemi
booking for makeup,10,MEDIUM,gleambytemi
natural glow makeup,10,,gleambytemi
make up for bride,10,LOW,gleambytemi
makeup consultants,10,LOW,gleambytemi
bridal party makeup,10,LOW,gleambytemi
victoria makeup,10,,gleambytemi
makeup do,10,,gleambytemi
special occasion makeup,10,,gleambytemi
makeup events,10,LOW,gleambytemi
wedding makeup services,10,LOW,gleambytemi
makeup artist artist,10,,gleambytemi
makeup clients,10,,gleambytemi
makeup help,10,,gleambytemi
makeup instructor,10,,gleambytemi
makeup guide,10,LOW,gleambytemi
step by step make up,10,LOW,gleambytemi
look beauty,10,,gleambytemi
about makeup artist,10,LOW,gleambytemi
soft glam bridal makeup,10,LOW,gleambytemi
beautiful makeup artist,10,LOW,gleambytemi
be a makeup artist,10,,gleambytemi
make up your face,10,,gleambytemi
to be a makeup artist,10,,gleambytemi
a makeup artist,10,LOW,gleambytemi
the best make up,10,,gleambytemi
makeup studio in lagos,10,LOW,gleambytemi
makeup advisor,10,,gleambytemi
makeup expert,10,,gleambytemi
make up by,10,,gleambytemi
up artist,10,,gleambytemi
make up bridal,10,LOW,gleambytemi
make up soft glam,10,,gleambytemi
photography makeup,10,MEDIUM,gleambytemi
service makeup,10,,gleambytemi
bridal makeup training,10,,gleambytemi
all makeup,10,LOW,gleambytemi
day makeup,10,LOW,gleambytemi
bridal makeup soft glam,10,,gleambytemi
make up artist chair,10,HIGH,gleambytemi
wedding bridal makeup,10,LOW,gleambytemi
your makeup,10,LOW,gleambytemi
best makeup artist,10,LOW,gleambytemi
beautiful bridal makeup look,10,,gleambytemi
make up for a wedding,10,LOW,gleambytemi
one makeup,10,LOW,gleambytemi
my makeup artist,10,LOW,gleambytemi
makeup technician,10,,gleambytemi
makeup stylists,10,LOW,gleambytemi
full glam makeup artist,10,,gleambytemi
soft glam bridal look,10,LOW,gleambytemi
makeup therapist,10,LOW,gleambytemi
glam bridal makeup,10,LOW,gleambytemi
the makeup of makeup artist,10,,gleambytemi
make up guide,10,,gleambytemi
full glam bridal makeup,10,,gleambytemi
make up step,10,LOW,gleambytemi
soft glam wedding makeup,10,LOW,gleambytemi
makeup cosmetologist,10,HIGH,gleambytemi
makeup artist education,10,,gleambytemi
makeup beautician,10,,gleambytemi
the bridal makeup,10,LOW,gleambytemi
bridal glam makeup,10,LOW,gleambytemi
get makeup,10,,gleambytemi
makeup rep,10,,gleambytemi
make up i,10,,gleambytemi
bridal makeup glam,10,,gleambytemi
i need a makeup artist,10,,gleambytemi
glam makeup look,10,LOW,gleambytemi
soft glam makeup looks,10,LOW,gleambytemi
wedding soft glam makeup,10,,gleambytemi
makeup prep,10,LOW,gleambytemi
makeup trials,10,,gleambytemi
makeup for me,10,,gleambytemi
makeup recommendations,10,,gleambytemi
makeup offer,10,,gleambytemi
makeup occasion,10,,gleambytemi
her makeup,10,LOW,gleambytemi
makeup artist skin prep,10,,gleambytemi
makeup professionals,10,LOW,gleambytemi
bridal makeup tips,10,,gleambytemi
bridal makeup studio near me,10,,gleambytemi
beautiful bridal makeup,10,LOW,gleambytemi
makeup of makeup,10,LOW,gleambytemi
makeup my,10,LOW,gleambytemi
makeup and makeup,10,LOW,gleambytemi
makeup by makeup,10,LOW,gleambytemi
makeup artist event,10,LOW,gleambytemi
makeup done,10,,gleambytemi
makeup creator,10,LOW,gleambytemi
makeup the makeup,10,LOW,gleambytemi
book your bridal makeup,10,,gleambytemi
bridal makeup steps,10,LOW,gleambytemi
tutorial makeup artist,10,LOW,gleambytemi
top make up,10,,gleambytemi
skin tone for makeup,10,LOW,gleambytemi
bridal m,10,LOW,gleambytemi
makeup artist makeup kit,10,HIGH,gleambytemi
elegant makeup,10,LOW,gleambytemi
makeup concierge,10,,gleambytemi
for bridal makeup,10,,gleambytemi
makeup designers,10,LOW,gleambytemi
she make up,10,,gleambytemi
bridal soft glam,10,,gleambytemi
makeup artist in my area,10,LOW,gleambytemi
soft bridal makeup,10,,gleambytemi
makeup makes,10,,gleambytemi
special occasion makeup artist,10,,gleambytemi
before makeup,10,,gleambytemi
full glam makeup steps,10,,gleambytemi
perfect make up,10,LOW,gleambytemi
soft bridal makeup look,10,,gleambytemi
makeup stylish,10,LOW,gleambytemi
bridal makeup photoshoot,10,,gleambytemi
makeup artist looks,10,,gleambytemi
make up a,10,LOW,gleambytemi
wedding makeup tips,10,,gleambytemi
makeup artist doing makeup,10,LOW,gleambytemi
book for makeup artist,10,LOW,gleambytemi
makeup crew,10,,gleambytemi
book makeup artist at home,10,LOW,gleambytemi
complexion makeup,10,,gleambytemi
that make up,10,,gleambytemi
touch makeup,10,LOW,gleambytemi
makeup artist for wedding party,10,,gleambytemi
makeup position,10,LOW,gleambytemi
full bridal makeup,10,,gleambytemi
talent makeup,10,,gleambytemi
book your makeup,10,,gleambytemi
after makeup,10,LOW,gleambytemi
makeup maestro,10,LOW,gleambytemi
real make up,10,,gleambytemi
beautiful make up,10,MEDIUM,gleambytemi
your glam,10,,gleambytemi
makeup need,10,,gleambytemi
soft glam makeup looks for wedding,10,,gleambytemi
make up for weddings,10,LOW,gleambytemi
my makeup look,10,LOW,gleambytemi
all make up,10,,gleambytemi
elegant bridal makeup,10,LOW,gleambytemi
full glam wedding makeup,10,,gleambytemi
bridal makeup salons,10,LOW,gleambytemi
glam makeup studio,10,,gleambytemi
camera makeup,10,LOW,gleambytemi
glam artist,10,LOW,gleambytemi
need a makeup artist,10,LOW,gleambytemi
glam wedding makeup,10,,gleambytemi
glam makeup services,10,,gleambytemi
makeup for an event,10,,gleambytemi
makeup soft glam,10,,gleambytemi
bridal makeup beautician,10,LOW,gleambytemi
beauty bridal makeup,10,LOW,gleambytemi
makeup application services,10,,gleambytemi
soft glam makeup for wedding,10,,gleambytemi
care makeup,10,,gleambytemi
makeup still,10,,gleambytemi
steps before makeup,10,,gleambytemi
make up glam,10,LOW,gleambytemi
makeup trainee,10,,gleambytemi
makeup artist near by me,10,,gleambytemi
guide makeup,10,LOW,gleambytemi
make up artist portfolio,10,,gleambytemi
every makeup,10,,gleambytemi
glam bridal,10,,gleambytemi
makeup artist for bridal party,10,,gleambytemi
soft glam makeup wedding,10,,gleambytemi
booking makeup,10,HIGH,gleambytemi
special event makeup,10,LOW,gleambytemi
make up in,10,LOW,gleambytemi
make up aus,10,LOW,gleambytemi
makeup schedule,10,,gleambytemi
your face makeup,10,,gleambytemi
evening makeup,10,,gleambytemi
make up is,10,LOW,gleambytemi
the artist makeup,10,LOW,gleambytemi
makeup area,10,,gleambytemi
bridal makeup skin prep,10,,gleambytemi
wedding makeup steps,10,LOW,gleambytemi
t makeup,10,,gleambytemi
right makeup for your face,10,,gleambytemi
makeup can,10,,gleambytemi
bridal makeup parlour,10,,gleambytemi
bridal makeup professional,10,LOW,gleambytemi
make up nearby,10,,gleambytemi
makeup for weddings near me,10,,gleambytemi
evening make up,10,,gleambytemi
the look makeup,10,,gleambytemi
wedding glam makeup,10,,gleambytemi
makeup you,10,LOW,gleambytemi
soft makeup,10,LOW,gleambytemi
bridal glow makeup,10,,gleambytemi
make up my,10,,gleambytemi
artist beauty,10,,gleambytemi
full bridal look,10,,gleambytemi
makeup glam look,10,LOW,gleambytemi
step by step full glam makeup,10,,gleambytemi
every day makeup,10,,gleambytemi
wedding makeup glam,10,,gleambytemi
bridal glam,10,LOW,gleambytemi
makeup wedding bride,10,LOW,gleambytemi
birthday photoshoot makeup,10,LOW,gleambytemi
make up ca,10,,gleambytemi
makeup location,10,LOW,gleambytemi
glam evening makeup,10,,gleambytemi
glam makeup for wedding,10,,gleambytemi
makeup makeup look,10,,gleambytemi
bridal booking,10,LOW,gleambytemi
makeup full glam,10,,gleambytemi
no filter makeup,10,,gleambytemi
it's make up,10,,gleambytemi
i am makeup,10,,gleambytemi
glam and beauty,10,,gleambytemi
make up van,10,,gleambytemi
makeup artist tips,10,LOW,gleambytemi
nearby makeup,10,,gleambytemi
elegant bridal look,10,,gleambytemi
to do makeup,10,LOW,gleambytemi
make up am,10,,gleambytemi
service beauty,10,,gleambytemi+beathestylist
makeup blog,10,,gleambytemi
on make up,10,,gleambytemi
full glam makeup look,10,LOW,gleambytemi
skin prep for bridal makeup,10,,gleambytemi
wedding makeup look for bride,10,,gleambytemi
you do makeup,10,,gleambytemi
makeup studio in lekki phase 1,10,LOW,gleambytemi
makeup your,10,,gleambytemi
makeup for my birthday,10,,gleambytemi
bridal makeup how to,10,,gleambytemi
make up the,10,,gleambytemi
looking for makeup artist near me,10,,gleambytemi
makeup glamour look,10,LOW,gleambytemi
blog makeup artist,10,,gleambytemi
in make up,10,LOW,gleambytemi
the glam makeup,10,,gleambytemi
make up made,10,,gleambytemi
make up of,10,LOW,gleambytemi
for make up,10,MEDIUM,gleambytemi
makeup for wedding party,10,,gleambytemi
makeup that i need,10,,gleambytemi
make up for me,10,MEDIUM,gleambytemi
makeup your face,10,,gleambytemi
natural light makeup,10,LOW,gleambytemi
event makeup artist near me,10,,gleambytemi
book a makeup artist near me,10,,gleambytemi
skin tone and makeup,10,LOW,gleambytemi
bridal makeup application,10,,gleambytemi
makeup for different skin tones,10,LOW,gleambytemi
make up skin care,10,LOW,gleambytemi
engagement makeup for bride,10,LOW,gleambytemi
right makeup,10,,gleambytemi
everything you need for makeup,10,,gleambytemi
full glam makeup looks,10,LOW,gleambytemi
make up done,10,,gleambytemi
beauty wedding,10,LOW,gleambytemi
island makeup,10,,gleambytemi
makeup booking online,10,,gleambytemi
full bridal makeup step by step,10,,gleambytemi
makeup long lasting,10,LOW,gleambytemi
beautiful makeup looks,10,LOW,gleambytemi
bridal glow,10,,gleambytemi
make up and beauty,10,,gleambytemi
natural glow makeup look,10,LOW,gleambytemi
bridal makeup step by step,10,LOW,gleambytemi
at home makeup,10,,gleambytemi
make up and skin care,10,HIGH,gleambytemi
makeup and me,10,LOW,gleambytemi
makeup bootcamp,10,,gleambytemi
make up about,10,LOW,gleambytemi
make up you,10,,gleambytemi
soft wedding makeup,10,,gleambytemi
every beauty,10,,gleambytemi
bridal makeup style,10,,gleambytemi
soft glam looks,10,,gleambytemi
their makeup,10,,gleambytemi
birthday glam makeup,10,LOW,gleambytemi
even makeup,10,,gleambytemi
makeup look without makeup,10,,gleambytemi
bridal beauty tips,10,,gleambytemi
wedding makeup how to,10,,gleambytemi
a beautiful makeup,10,,gleambytemi
i need a makeup,10,,gleambytemi
makeup beauty makeup,10,LOW,gleambytemi
makeup and you,10,LOW,gleambytemi
makeup for you,10,,gleambytemi
makeup with you,10,LOW,gleambytemi
soft wedding makeup looks,10,,gleambytemi
bridesmaids makeup looks,10,LOW,gleambytemi
makeup and skin,10,,gleambytemi
makeup artist home,10,,gleambytemi
bridal makeup techniques,10,,gleambytemi
bridal artist near me,10,,gleambytemi
make up on,10,,gleambytemi
blush contouring,10,LOW,gleambytemi
doing bridal makeup,10,,gleambytemi
make up blog,10,,gleambytemi
soft glam look makeup,10,,gleambytemi
luxury bridal makeup artist,10,,gleambytemi
makeup all makeup,10,LOW,gleambytemi
makeup right,10,,gleambytemi
soft makeup glam,10,,gleambytemi
beauty of makeup,10,,gleambytemi
best bridal makeup artist,10,,gleambytemi
make up for events,10,LOW,gleambytemi
all of the makeup,10,LOW,gleambytemi
special occasion makeup looks,10,,gleambytemi
step by step full makeup,10,LOW,gleambytemi
makeup by victoria,10,,gleambytemi
makeup for birthday photoshoot,10,LOW,gleambytemi
prep your face for makeup,10,,gleambytemi
makeup by me,10,LOW,gleambytemi
bridal look for wedding,10,,gleambytemi
makeup to have,10,MEDIUM,gleambytemi
makeup island,10,,gleambytemi
makeup special,10,LOW,gleambytemi
soft makeup look for wedding,10,,gleambytemi
make up skin,10,MEDIUM,gleambytemi
skin tone skin tone,10,,gleambytemi
every skin tone,10,LOW,gleambytemi
i look makeup,10,,gleambytemi
photo makeup artist,10,,gleambytemi
makeup seminar,10,,gleambytemi
like makeup,10,,gleambytemi
photos of makeup,10,LOW,gleambytemi
evening glam makeup look,10,,gleambytemi
wedding glam,10,LOW,gleambytemi
got makeup,10,LOW,gleambytemi
makeup technique,10,LOW,gleambytemi
makeup for smooth skin,10,LOW,gleambytemi
beauty make,10,LOW,gleambytemi
makeup brushes for makeup artist,10,LOW,gleambytemi
mua in makeup,10,LOW,gleambytemi
the face makeup,10,,gleambytemi
makeup artist for photoshoot near me,10,,gleambytemi
make up birthday,10,LOW,gleambytemi
step by step in makeup,10,,gleambytemi
evening makeup looks,10,LOW,gleambytemi
i do makeup,10,LOW,gleambytemi
long makeup,10,LOW,gleambytemi
makeup made,10,,gleambytemi
look make,10,,gleambytemi
bridal makeovers,10,LOW,gleambytemi
makeup she,10,,gleambytemi
professional wedding makeup artist near me,10,,gleambytemi
traditional bridal makeup,10,LOW,gleambytemi
beauty bridal,10,LOW,gleambytemi
makeup looks glam,10,LOW,gleambytemi
beauty makeup artist,10,,gleambytemi
makeup guide step by step,10,,gleambytemi
makeup looks step by step,10,LOW,gleambytemi
makeup smooth,10,LOW,gleambytemi
makeup person for wedding,10,,gleambytemi
best makeup artist makeup,10,LOW,gleambytemi
gleam and glam,10,LOW,gleambytemi
makeup for all skin tones,10,LOW,gleambytemi
bridal makeup pricing,10,LOW,gleambytemi
beauty locations,10,LOW,gleambytemi
prep makeup,10,LOW,gleambytemi
early makeup,10,,gleambytemi
glam session,10,LOW,gleambytemi
makeup of the day,10,,gleambytemi
my first makeup,10,,gleambytemi
soft and beauty,10,,gleambytemi
elegant makeup for wedding,10,LOW,gleambytemi
makeup done at home,10,,gleambytemi
glam service,10,,gleambytemi
she does makeup,10,,gleambytemi
prep for makeup,10,,gleambytemi
steps to do your makeup,10,LOW,gleambytemi
beautiful makeup for wedding,10,LOW,gleambytemi
make up 4,10,,gleambytemi
beauty tips for makeup,10,,gleambytemi
makeup style for wedding,10,,gleambytemi
soft glam makeup artist near me,10,,gleambytemi
makeup products for makeup artist,10,HIGH,gleambytemi
step by step skin prep for makeup,10,LOW,gleambytemi
different bridal looks,10,,gleambytemi
makes of makeup,10,,gleambytemi
makeup t,10,,gleambytemi
makeup for your skin tone,10,,gleambytemi
makeup studio in ikeja,10,LOW,gleambytemi
the one makeup,10,,gleambytemi
makeup looking cakey,10,,gleambytemi
beauty home services,10,LOW,gleambytemi
makeup and photography,10,LOW,gleambytemi
makeup artist applying makeup,10,,gleambytemi
makeup to me,10,,gleambytemi
makeup confidence,10,LOW,gleambytemi
makeup you should have,10,,gleambytemi
prep your skin before makeup,10,LOW,gleambytemi
step to step makeup guide,10,,gleambytemi
soft makeup looks,10,LOW,gleambytemi
foundation look,10,,gleambytemi
makeup real makeup,10,,gleambytemi
detailed makeup,10,,gleambytemi
professional wedding makeup,10,LOW,gleambytemi
makeup artist booking form,10,LOW,gleambytemi
premium cosmetic,10,LOW,gleambytemi
so she,10,LOW,gleambytemi
natural glow bridal makeup,10,,gleambytemi
book your look,10,,gleambytemi
get beauty,10,,gleambytemi
make up areas,10,,gleambytemi
bridal skin prep,10,,gleambytemi
be beautiful makeup,10,LOW,gleambytemi
steps of make up,10,,gleambytemi
more makeup,10,,gleambytemi
beauty my,10,LOW,gleambytemi
bridal and beauty,10,,gleambytemi
events beauty,10,,gleambytemi
makeup artist for beginners,10,,gleambytemi
full makeup application,10,,gleambytemi
the most popular makeup,10,,gleambytemi
full makeup glam,10,,gleambytemi
make up my day,10,,gleambytemi
make up on me,10,,gleambytemi
natural light makeup look,10,,gleambytemi
tell me about makeup,10,,gleambytemi
full makeup step by step,10,LOW,gleambytemi
makeup every day,10,LOW,gleambytemi
lasting makeup,10,,gleambytemi
makeup artist number,10,,gleambytemi
simple makeup artist,10,,gleambytemi
beauty makeup looks,10,,gleambytemi
beauty tips blog,10,,gleambytemi
face makeup artist,10,LOW,gleambytemi
simple bridal makeup look,10,LOW,gleambytemi
steps in makeup application,10,LOW,gleambytemi
makeup artist me,10,,gleambytemi
makeup but no makeup look,10,,gleambytemi
full coverage bridal makeup,10,,gleambytemi
i love make up,10,,gleambytemi
makeup cost,10,LOW,gleambytemi
i need beauty,10,LOW,gleambytemi
the steps of makeup,10,,gleambytemi
luxury bridal makeup,10,,gleambytemi
beauty still,10,LOW,gleambytemi
beauty tips for bride to be,10,,gleambytemi
nearby makeup studio,10,,gleambytemi
beautiful tips,10,,gleambytemi
bridal makeup artist courses,10,,gleambytemi
make up artist near ne,10,LOW,gleambytemi
makeup teaching,10,LOW,gleambytemi
step by step makeup for wedding,10,LOW,gleambytemi
bridal makeup trials,10,LOW,gleambytemi
bridal marriage makeup,10,,gleambytemi
elegant makeup look,10,,gleambytemi
makeup studio at home,10,,gleambytemi
the beautiful makeup,10,,gleambytemi
your skin tone,10,LOW,gleambytemi
makeup fresh,10,LOW,gleambytemi
bridal makeup booking form,10,,gleambytemi
the story of makeup,10,,gleambytemi
bridal makeup booking online,10,,gleambytemi
soft wedding,10,LOW,gleambytemi
popular makeup artist,10,LOW,gleambytemi
makeup online makeup,10,LOW,gleambytemi
beauty makeup studio,10,,gleambytemi
makeup o,10,LOW,gleambytemi
soft face makeup,10,,gleambytemi
part of makeup,10,HIGH,gleambytemi
make up artist needed,10,,gleambytemi
make up preparation,10,,gleambytemi
the perfect makeup,10,,gleambytemi
romantic make up,10,,gleambytemi
wedding makeup photography,10,,gleambytemi
celebration makeup,10,,gleambytemi
makeup engagement,10,LOW,gleambytemi
day makeup step by step,10,,gleambytemi
makeup instruction,10,,gleambytemi
2 makeup,10,LOW,gleambytemi
all about makeup,10,LOW,gleambytemi
basic bridal makeup,10,,gleambytemi
beauty special,10,LOW,gleambytemi
birthday look makeup,10,LOW,gleambytemi
blog cosmetics,10,,gleambytemi
bridal artistry,10,LOW,gleambytemi
bridal eye shadow,10,LOW,gleambytemi
bridal makeup inspiration,10,LOW,gleambytemi
cosmetic and beauty,10,LOW,gleambytemi
cost for makeup artist,10,,gleambytemi
daily makeup looks,10,,gleambytemi
day to day makeup,10,LOW,gleambytemi
everyday glam makeup,10,LOW,gleambytemi
full makeup step,10,LOW,gleambytemi
get this look,10,,gleambytemi
glam lipgloss,10,,gleambytemi
glam your look,10,,gleambytemi
in makeup what comes first,10,,gleambytemi
ins beauty,10,LOW,gleambytemi
just make up,10,LOW,gleambytemi
long lasting makeup step by step,10,,gleambytemi
luxury makeup artist,10,,gleambytemi
make up 1,10,,gleambytemi
make up 10,10,,gleambytemi
make up my face,10,LOW,gleambytemi
make up myself,10,,gleambytemi
make up together,10,,gleambytemi
make up two,10,,gleambytemi
makeup 4,10,,gleambytemi
makeup and no makeup,10,,gleambytemi
makeup application step by step,10,LOW,gleambytemi
makeup artist portfolio book,10,,gleambytemi
makeup artist schedule,10,,gleambytemi
makeup artist session,10,,gleambytemi
makeup artistry near me,10,LOW,gleambytemi
makeup at home step by step,10,LOW,gleambytemi
makeup beauty care,10,,gleambytemi
makeup done by,10,,gleambytemi
makeup first,10,,gleambytemi
makeup for photoshoot tips,10,,gleambytemi
makeup kit for bridal makeup,10,HIGH,gleambytemi
makeup like,10,,gleambytemi
makeup look book,10,,gleambytemi
makeup more,10,,gleambytemi
makeup my face,10,LOW,gleambytemi
makeup products for bridal makeup,10,LOW,gleambytemi
makeup that looks like a filter,10,LOW,gleambytemi
makeup whatsapp,10,LOW,gleambytemi
makeup without,10,LOW,gleambytemi
makeup without makeup,10,LOW,gleambytemi
me on makeup,10,,gleambytemi
most popular beauty,10,,gleambytemi
nearby beauty,10,LOW,gleambytemi
not makeup,10,,gleambytemi
photography makeup artist,10,LOW,gleambytemi
prep before makeup,10,,gleambytemi
simple bridal makeup looks,10,,gleambytemi
simple bridal makeup step by step,10,,gleambytemi
skin prep steps before makeup,10,,gleambytemi
home salon services,10,LOW,beathestylist
hair and makeup,10,LOW,beathestylist
hair and beauty,10,LOW,beathestylist
ladies salon near me with prices,10,,beathestylist
home service salon near me,10,MEDIUM,beathestylist
the beauty lounge,10,LOW,beathestylist
best beauty parlour near me,10,,beathestylist
salon online booking,10,,beathestylist
hair and make up,10,,beathestylist
hair and makeup salon near me,10,,beathestylist
the best hair salon near me,10,LOW,beathestylist
professional hair salon,10,LOW,beathestylist
hair make up,10,LOW,beathestylist
professional hair salon near me,10,,beathestylist
best ladies salon near me,10,,beathestylist
makeup and hair stylist near me,10,,beathestylist
beauty parlour near me for ladies,10,LOW,beathestylist
salon online,10,,beathestylist
home beauty services,10,LOW,beathestylist
hair salon services,10,LOW,beathestylist
near beauty parlour,10,HIGH,beathestylist
professional hair stylist near me,10,,beathestylist
salon appointment,10,LOW,beathestylist
best hair cut salon near me,10,,beathestylist
hair & beauty,10,,beathestylist
hair and makeup salon,10,LOW,beathestylist
best hair salon,10,LOW,beathestylist
parlour home service,10,LOW,beathestylist
nearby salon for ladies,10,,beathestylist
home parlour service near me,10,MEDIUM,beathestylist
top hair salon near me,10,LOW,beathestylist
salon packages,10,LOW,beathestylist
makeup and hair services near me,10,LOW,beathestylist
best salon websites,10,LOW,beathestylist
makeup and hair stylist,10,LOW,beathestylist
online salon services,10,HIGH,beathestylist
best hair salon near me for ladies,10,,beathestylist
beauty parlour near me home service,10,,beathestylist
hair and nail salon,10,LOW,beathestylist
best hair salon for women near me,10,LOW,beathestylist
best hair salon websites,10,LOW,beathestylist
hair 4 you,10,LOW,beathestylist
online salon,10,,beathestylist
hair salon women near me,10,MEDIUM,beathestylist
need hair stylist for my salon,10,,beathestylist
hair stylist near me for ladies,10,LOW,beathestylist
salon d,10,LOW,beathestylist
beauty salon services,10,LOW,beathestylist
women beauty parlour near me,10,LOW,beathestylist
online parlour services,10,HIGH,beathestylist
good beauty parlour near me,10,,beathestylist
haircut salon near me for ladies,10,,beathestylist
beauty salon home service,10,LOW,beathestylist
home hair salon,10,LOW,beathestylist
bridal hairstylist,10,LOW,beathestylist
professional hair stylist,10,LOW,beathestylist
beauty parlour home service near me,10,,beathestylist
hair salon home service,10,LOW,beathestylist
salon one,10,LOW,beathestylist
good hair salon,10,LOW,beathestylist
best hair salon for ladies near me,10,,beathestylist
best beauty salon websites,10,LOW,beathestylist
beauty parlour website,10,,beathestylist
online beauty services,10,LOW,beathestylist
looks salon,10,LOW,beathestylist
the best beauty salon near me,10,LOW,beathestylist
hair stylist online booking,10,,beathestylist
style salon,10,LOW,beathestylist
book beauty treatments,10,,beathestylist
full service salon,10,LOW,beathestylist
salon ins,10,LOW,beathestylist
hair and makeup stylist,10,LOW,beathestylist
ladies salon home service,10,,beathestylist
hair care salon,10,LOW,beathestylist
in home beauty services,10,,beathestylist
the hair salon,10,LOW,beathestylist
best beauty salon,10,LOW,beathestylist
beautiful salon,10,MEDIUM,beathestylist
best makeup salon near me,10,,beathestylist
home hair services,10,MEDIUM,beathestylist
haircut salon for ladies near me,10,LOW,beathestylist
nail and hair salon,10,LOW,beathestylist
home service hair salon,10,LOW,beathestylist
the best hair salon,10,,beathestylist
beautiful you salon,10,LOW,beathestylist
best hair stylist,10,LOW,beathestylist
beauty and the beast salon,10,,beathestylist
bridal hair salon,10,,beathestylist
top beauty salon,10,LOW,beathestylist
salon appointment website,10,,beathestylist
starting a salon,10,LOW,beathestylist
hair straightening parlour near me,10,,beathestylist
simply beauty salon,10,LOW,beathestylist
cheap beauty parlour near me,10,,beathestylist
top hair salon,10,LOW,beathestylist
hair home service,10,LOW,beathestylist
best salon for hair treatment near me,10,,beathestylist
best hair spa salon near me,10,,beathestylist
full service beauty salon near me,10,,beathestylist
best hair cutting salon for ladies near me,10,,beathestylist
best hair salon for women,10,LOW,beathestylist
high end hair salon,10,,beathestylist
you salon,10,,beathestylist
beauty parlour for ladies near me,10,LOW,beathestylist
beautiful hair salon,10,LOW,beathestylist
hair stylist home service,10,LOW,beathestylist
beautician near me home service,10,,beathestylist
salon number,10,,beathestylist
elegant hair salon,10,,beathestylist
hair & makeup salon near me,10,,beathestylist
home beauty salon,10,LOW,beathestylist
best hair colouring salons near me,10,,beathestylist
good hair salon near me for ladies,10,,beathestylist
beauty salon online,10,,beathestylist
home parlour,10,LOW,beathestylist
salon 10,10,,beathestylist
good salon,10,LOW,beathestylist
salon in home,10,LOW,beathestylist
cheap and best hair salon near me,10,,beathestylist
salon needs,10,LOW,beathestylist
home service hair stylist near me,10,LOW,beathestylist
my hair salon,10,LOW,beathestylist
her salon,10,LOW,beathestylist
simply salon,10,LOW,beathestylist
create salon,10,,beathestylist
salon for hair,10,LOW,beathestylist
sunshine hair salon,10,,beathestylist
recommended hair salon near me,10,,beathestylist
beyond hair salon,10,LOW,beathestylist
makeup hair,10,LOW,beathestylist
allen salon,10,,beathestylist
beauty services website,10,LOW,beathestylist
salon near me home service,10,,beathestylist
a hair salon,10,LOW,beathestylist
online salon website,10,,beathestylist
be you salon,10,,beathestylist
hair & makeup,10,LOW,beathestylist
call beauty,10,LOW,beathestylist
salon reviews,10,,beathestylist
beauty salon offers,10,,beathestylist
hair & make up,10,,beathestylist
salon 7,10,,beathestylist
best hair cut salon,10,LOW,beathestylist
salon for hair treatment near me,10,LOW,beathestylist
hair stylist home service near me,10,,beathestylist
good ladies salon near me,10,,beathestylist
top hair salon websites,10,,beathestylist
cosmetic salon,10,LOW,beathestylist
book your hair appointment,10,LOW,beathestylist
my beauty salon,10,LOW,beathestylist
top rated hair salon,10,LOW,beathestylist
home services salon near me,10,MEDIUM,beathestylist
hair spa salon,10,LOW,beathestylist
hair treatment parlour near me,10,,beathestylist
salon book appointment,10,MEDIUM,beathestylist
good hair cut salon near me,10,LOW,beathestylist
home service hair,10,LOW,beathestylist
salon top,10,,beathestylist
one hair salon,10,,beathestylist
hair salon near me home service,10,LOW,beathestylist
professional beauty salon,10,LOW,beathestylist
fashion hair salon,10,LOW,beathestylist
beauty hair and nails,10,LOW,beathestylist
in home salon services,10,,beathestylist
makeup hair stylist near me,10,,beathestylist
top salon,10,LOW,beathestylist
hair salon and nails near me,10,,beathestylist
hair salon stylist,10,LOW,beathestylist
need salon staff,10,,beathestylist
book a salon,10,LOW,beathestylist
beauty salon packages,10,LOW,beathestylist
salon for makeup and hair,10,LOW,beathestylist
good hair salon for ladies near me,10,,beathestylist
beauty parlour for facial near me,10,LOW,beathestylist
hair salon home service near me,10,,beathestylist
hair salon in,10,LOW,beathestylist
starting a hair salon,10,LOW,beathestylist
salon 1,10,LOW,beathestylist
be beautiful salon,10,MEDIUM,beathestylist
beauty appointments,10,LOW,beathestylist
home service hair salon near me,10,,beathestylist
elegant salon,10,LOW,beathestylist
salon for hair treatment,10,LOW,beathestylist
hair stylist online,10,,beathestylist
look hair salon,10,,beathestylist
salon for haircut,10,,beathestylist
cheap women's hair salon near me,10,LOW,beathestylist
salon industry,10,,beathestylist
online beauty services near me,10,,beathestylist
beauty salon near me with prices,10,,beathestylist
the best salon,10,LOW,beathestylist
home beautician,10,LOW,beathestylist
hair & beauty salon,10,LOW,beathestylist
ladies salon website,10,,beathestylist
the beauty parlor,10,,beathestylist
best beauty parlour,10,LOW,beathestylist
gallery hair salon,10,,beathestylist
licensed hair stylist near me,10,,beathestylist
beauty salon near my location,10,,beathestylist
best hair salon nearby,10,,beathestylist
hair professional salon,10,,beathestylist
full service beauty salon,10,LOW,beathestylist
makeup and hairstylist,10,,beathestylist
beauty salon inside,10,LOW,beathestylist
top salon websites,10,,beathestylist
hair salon needs,10,LOW,beathestylist
walk in beauty salon,10,,beathestylist
make salon,10,,beathestylist
unisex salon ikeja,10,LOW,beathestylist
about beauty salon,10,,beathestylist
looking good hair salon,10,,beathestylist
hair salon review,10,,beathestylist
beautician salon,10,LOW,beathestylist
salon best,10,LOW,beathestylist
beauty nail hair salon,10,LOW,beathestylist
beauty salon best,10,LOW,beathestylist
service salon,10,LOW,beathestylist
love salon,10,LOW,beathestylist
salon stylist,10,LOW,beathestylist
best salon in,10,,beathestylist
beauty salon home service near me,10,,beathestylist
style beauty salon,10,LOW,beathestylist
beauty salon best reviews,10,,beathestylist
nearby hair stylist,10,LOW,beathestylist
beauty hairdresser,10,,beathestylist
makeup and beauty salon,10,LOW,beathestylist
a beauty parlour,10,LOW,beathestylist
the best beauty salon,10,LOW,beathestylist
special occasion hair salon,10,,beathestylist
beauty parlour hair,10,LOW,beathestylist
best ladies salon,10,,beathestylist
your beauty salon,10,,beathestylist
as beauty salon,10,,beathestylist
beauty salon reviews,10,,beathestylist
hair salon top rated,10,LOW,beathestylist
stylist hair salon,10,LOW,beathestylist
services in beauty parlour,10,LOW,beathestylist
looking for a hairdresser,10,,beathestylist
parlour salon,10,,beathestylist
nails hair and makeup,10,LOW,beathestylist
biggest salon,10,LOW,beathestylist
ng hair,10,,beathestylist
good looks salon,10,LOW,beathestylist
beauty salon staff,10,LOW,beathestylist
create beauty salon,10,,beathestylist
beauty parlour for,10,,beathestylist
hair makeup nails,10,LOW,beathestylist
good looks beauty salon,10,,beathestylist
beauty parlour in,10,,beathestylist
beauty salon number,10,,beathestylist
top parlour,10,LOW,beathestylist
unique hair and beauty salon,10,LOW,beathestylist
salon & beauty,10,,beathestylist
styling beauty salon,10,LOW,beathestylist
nice look beauty parlour,10,,beathestylist
beauty salon on,10,,beathestylist
best unisex salon,10,LOW,beathestylist
an beauty salon,10,MEDIUM,beathestylist
the best parlour,10,,beathestylist
easy beauty salon,10,LOW,beathestylist
look beauty salon,10,,beathestylist
best parlour,10,LOW,beathestylist
good looks beauty parlour,10,,beathestylist
beauty parlour reviews,10,LOW,beathestylist
beauty parlour and,10,,beathestylist
styling salon,10,LOW,beathestylist
hair makeup salon,10,LOW,beathestylist
best hair salon in my area,10,,beathestylist
the beauty hair salon,10,,beathestylist
for beauty salon,10,,beathestylist
hairstyle and makeup salon near me,10,,beathestylist
best hair salon and spa near me,10,MEDIUM,beathestylist
beauty salon hair salon,10,,beathestylist
womens beauty parlour,10,LOW,beathestylist
best hair parlour,10,LOW,beathestylist
parlour best,10,LOW,beathestylist
best salon for hair,10,,beathestylist
beauty parlour hair style,10,,beathestylist
make up beauty salon,10,,beathestylist
beauty salon woman,10,LOW,beathestylist
beauty is salon,10,,beathestylist
beauty salon about us,10,,beathestylist
beautiful beauty salon,10,,beathestylist
salon contact number,10,,beathestylist
best salon in nigeria,10,,beathestylist
beautiful ladies salon,10,LOW,beathestylist
good parlour,10,LOW,beathestylist
book make up artist,0,,gleambytemi
make up artist wedding,0,,gleambytemi
at home makeup artist,0,,gleambytemi
wedding make up artist near me,0,,gleambytemi
makeup artist at home service,0,,gleambytemi
makeup that's good for your skin,0,,gleambytemi
be make up,0,,gleambytemi
photoshoot makeup artist,0,,gleambytemi
be perfect make up,0,,gleambytemi
bridal makeup booking,0,,gleambytemi
if makeup,0,,gleambytemi
make up es,0,,gleambytemi
in home makeup services,0,,gleambytemi
one step makeup,0,,gleambytemi
makeup bridal makeup,0,,gleambytemi
bridesmaid makeup artist,0,,gleambytemi
bridal soft glam makeup,0,,gleambytemi
make up be,0,,gleambytemi
makeup artist by,0,,gleambytemi
makeup artist ka,0,,gleambytemi
bridal makeup home service,0,,gleambytemi
make up your wedding,0,,gleambytemi
my look makeup,0,,gleambytemi
get your makeup done,0,,gleambytemi
makeup in home service,0,,gleambytemi
engagement makeup artist,0,,gleambytemi
book makeup service,0,,gleambytemi
get my makeup done,0,,gleambytemi
skin prep makeup artist,0,,gleambytemi
makeup hire,0,,gleambytemi
makeup for your face,0,,gleambytemi
soft glam makeup bridal,0,,gleambytemi
wedding bridal makeup artist,0,,gleambytemi
makeup beautiful makeup,0,,gleambytemi
makeup on makeup,0,,gleambytemi
special event makeup artist,0,,gleambytemi
get it look,0,,gleambytemi
makeup look makeup look,0,,gleambytemi
into it makeup,0,,gleambytemi
makeup ka makeup,0,,gleambytemi
makeup to get,0,,gleambytemi
booking bridal makeup,0,,gleambytemi
glam bridal look,0,,gleambytemi
bridal party makeup artist,0,,gleambytemi
wedding makeup soft glam,0,,gleambytemi
makeup by my,0,,gleambytemi
book makeup artist for wedding,0,,gleambytemi
makeup for all,0,,gleambytemi
makeup artist tips for wedding day,0,,gleambytemi
soft glam bridal,0,,gleambytemi
makeup artist wedding near me,0,,gleambytemi
bridal makeup photography,0,,gleambytemi
you can be makeup,0,,gleambytemi
makeup you need,0,,gleambytemi
makeup artist to your home,0,,gleambytemi
makeup that makes your face glow,0,,gleambytemi
makeup for my skin tone,0,,gleambytemi
makeup looks for wedding bride,0,,gleambytemi
wedding day skin prep,0,,gleambytemi
bridal ka makeup,0,,gleambytemi
all makeup artist,0,,gleambytemi
me makeup,0,,gleambytemi
before makeup skin prep,0,,gleambytemi
bridal makeup services near me,0,,gleambytemi
soft bridal makeup looks,0,,gleambytemi
make up for a bride,0,,gleambytemi
bridal makeup nearby,0,,gleambytemi
make up for everyone,0,,gleambytemi
i like make up,0,,gleambytemi
made you look makeup,0,,gleambytemi
marriage makeup artist,0,,gleambytemi
makeup makeup an,0,,gleambytemi
makeup your wedding,0,,gleambytemi
help me with my makeup,0,,gleambytemi
bridal reception makeup,0,,gleambytemi
special occasion makeup near me,0,,gleambytemi
makeup that makes your skin glow,0,,gleambytemi
the makeup makeup,0,,gleambytemi
dulhan makeup artist,0,,gleambytemi
bridal party makeup look,0,,gleambytemi
soft glamour makeup,0,,gleambytemi
make up event,0,,gleambytemi
makeup tips for wedding day,0,,gleambytemi
4 makeup,0,,gleambytemi
soft bridal look,0,,gleambytemi
book makeup application,0,,gleambytemi
getting into makeup,0,,gleambytemi
glam makeup wedding,0,,gleambytemi
make up di,0,,gleambytemi
by make up,0,,gleambytemi
same day makeup artist,0,,gleambytemi
portfolio make up artist,0,,gleambytemi
debutante makeup,0,,gleambytemi
on camera makeup,0,,gleambytemi
van make up,0,,gleambytemi
make up po,0,,gleambytemi
bridal makeup home service near me,0,,gleambytemi
looking for a makeup artist near me,0,,gleambytemi
got make up,0,,gleambytemi
make up ya,0,,gleambytemi
make up victoria,0,,gleambytemi
wedding makeup studio,0,,gleambytemi
on location makeup artist,0,,gleambytemi
professional wedding makeup artist,0,,gleambytemi
von make up,0,,gleambytemi
gleam glam,0,,gleambytemi
engagement makeup look for bride,0,,gleambytemi
makeup that makes your face look smooth,0,,gleambytemi
all day make up,0,,gleambytemi
make up locations,0,,gleambytemi
as make up,0,,gleambytemi
makeup artist for home,0,,gleambytemi
makeup artist step by step,0,,gleambytemi
i got makeup,0,,gleambytemi
made makeup,0,,gleambytemi
before make up,0,,gleambytemi
bridal joda,0,,gleambytemi
skin preparation makeup,0,,gleambytemi
makeup on special,0,,gleambytemi
my bridal look,0,,gleambytemi
make up 4 all,0,,gleambytemi
makeup that helps your skin,0,,gleambytemi
my glam makeup,0,,gleambytemi
makeup by you,0,,gleambytemi
bridal makeup victoria,0,,gleambytemi
soft bridal,0,,gleambytemi
bridal makeup teaching,0,,gleambytemi
wedding makeup stylist,0,,gleambytemi
makeup to you,0,,gleambytemi
bridal makeup certification,0,,gleambytemi
birthday makeup artist,0,,gleambytemi
wedding makeup artist tips,0,,gleambytemi
makeup but,0,,gleambytemi
in home makeup,0,,gleambytemi
get the makeup look,0,,gleambytemi
glam soft makeup,0,,gleambytemi
make up yourself,0,,gleambytemi
makeup for your birthday,0,,gleambytemi
in your face makeup,0,,gleambytemi
makeup that looks like no makeup,0,,gleambytemi
by the face make up,0,,gleambytemi
bridal makeup artist description,0,,gleambytemi
bridal makeup guide,0,,gleambytemi
makeup steps for wedding party,0,,gleambytemi
my my makeup,0,,gleambytemi
help me do my makeup,0,,gleambytemi
love island make up,0,,gleambytemi
make up special,0,,gleambytemi
check my makeup,0,,gleambytemi
for long lasting makeup,0,,gleambytemi
make up island,0,,gleambytemi
makeup artist victoria,0,,gleambytemi
you need makeup,0,,gleambytemi
makeup premium,0,,gleambytemi
make up offer,0,,gleambytemi
glam makeup step by step,0,,gleambytemi
glow bridal makeup,0,,gleambytemi
makeup timeline,0,,gleambytemi
bridal makeup near by me,0,,gleambytemi
makeup that makes your skin look smooth,0,,gleambytemi
makeup moment,0,,gleambytemi
wedding dulhan makeup,0,,gleambytemi
all my makeup,0,,gleambytemi
bride and bridesmaid makeup,0,,gleambytemi
prep make up,0,,gleambytemi
special makeup artist,0,,gleambytemi
bridal makeup tips step by step,0,,gleambytemi
makeup for flash photography,0,,gleambytemi
makeup photo makeup,0,,gleambytemi
different bridal makeup looks,0,,gleambytemi
makeup artist available,0,,gleambytemi
get your look,0,,gleambytemi
made by makeup,0,,gleambytemi
makeup for my wedding,0,,gleambytemi
makeup artist for engagement,0,,gleambytemi
glow makeup artist,0,,gleambytemi
makeup looks to do,0,,gleambytemi
make up specialist near me,0,,gleambytemi
soft makeup wedding,0,,gleambytemi
makeup by step by step,0,,gleambytemi
special occasion makeup artist near me,0,,gleambytemi
bridesmaid makeup tips,0,,gleambytemi
makeup all,0,,gleambytemi
to become a makeup artist,0,,gleambytemi
wedding makeup application,0,,gleambytemi
va makeup,0,,gleambytemi
tell me makeup,0,,gleambytemi
book makeover,0,,gleambytemi
location makeup,0,,gleambytemi
makeup day look,0,,gleambytemi
makeup artist for party makeup,0,,gleambytemi
the makeup book,0,,gleambytemi
make up more,0,,gleambytemi
bridal makeup at home,0,,gleambytemi
glam face foundation,0,,gleambytemi
bridal makeup for day wedding,0,,gleambytemi
makeup artist near me wedding,0,,gleambytemi
makeup makeup on,0,,gleambytemi
make up and glow,0,,gleambytemi
makeup step by step bridal,0,,gleambytemi
the bridal beauty,0,,gleambytemi
once makeup,0,,gleambytemi
bridal makeup booking near me,0,,gleambytemi
shadi ka makeup,0,,gleambytemi
photoshoot makeup artist near me,0,,gleambytemi
so beautiful makeup,0,,gleambytemi
too makeup,0,,gleambytemi
wedding makeup victoria,0,,gleambytemi
makeup artist by me,0,,gleambytemi
makeup products makeup,0,,gleambytemi
every makeup step,0,,gleambytemi
bridal makeup long island,0,,gleambytemi
makeup for special occasions near me,0,,gleambytemi
no makeup look with makeup,0,,gleambytemi
the look beauty,0,,gleambytemi+beathestylist
on location makeup,0,,gleambytemi
made for makeup,0,,gleambytemi
glam my,0,,gleambytemi
makeup ka makeup ka,0,,gleambytemi
wedding day makeup artist near me,0,,gleambytemi
makeup for reception,0,,gleambytemi
wedding makeup guide,0,,gleambytemi
makeup how tos,0,,gleambytemi
premium bridal makeup,0,,gleambytemi
the bridal glow,0,,gleambytemi
bridal makeup seminar,0,,gleambytemi
his makeup,0,,gleambytemi
makeup but how,0,,gleambytemi
step by step glam makeup,0,,gleambytemi
bridal makeup blog,0,,gleambytemi
dulhan makeup studio,0,,gleambytemi
everything you need to do makeup,0,,gleambytemi
dulhan makeup photography,0,,gleambytemi
most popular makeup looks,0,,gleambytemi
my makeup looks cakey,0,,gleambytemi
the makeup no makeup look,0,,gleambytemi
30th birthday makeup,0,,gleambytemi
all makeup you need,0,,gleambytemi
glamour makeup artist near me,0,,gleambytemi
it makeup book,0,,gleambytemi
makeup for wedding party step by step,0,,gleambytemi
makeup places to get makeup done,0,,gleambytemi
eye makeup artist,0,,gleambytemi
long lasting face foundation,0,,gleambytemi
bridal makeup offers,0,,gleambytemi
makeup step by step for wedding,0,,gleambytemi
wedding reception makeup,0,,gleambytemi
all in makeup,0,,gleambytemi
all makeup in one,0,,gleambytemi
all that makeup,0,,gleambytemi
bridal day makeup,0,,gleambytemi
bridal different looks,0,,gleambytemi
bridal makeup artist long island,0,,gleambytemi
bridal makeup tips and tricks,0,,gleambytemi
bridal makeup training near me,0,,gleambytemi
bride wedding look,0,,gleambytemi
by me makeup,0,,gleambytemi
choose makeup,0,,gleambytemi
day light makeup,0,,gleambytemi
day of the makeup,0,,gleambytemi
different wedding makeup looks,0,,gleambytemi
dinner makeup service,0,,gleambytemi
engagement makeup look in saree,0,,gleambytemi
evening bridal makeup,0,,gleambytemi
everything you need to do your makeup,0,,gleambytemi
eye makeup soft glam,0,,gleambytemi
for you makeup,0,,gleambytemi
full time makeup artist,0,,gleambytemi
i makeup step by step,0,,gleambytemi
luxury wedding makeup artist,0,,gleambytemi
make up early,0,,gleambytemi
make up real,0,,gleambytemi
makeup 8,0,,gleambytemi
makeup artist required for photoshoot,0,,gleambytemi
makeup best makeup,0,,gleambytemi
makeup done for wedding,0,,gleambytemi
makeup for 10,0,,gleambytemi
makeup for event near me,0,,gleambytemi
makeup ki kitab,0,,gleambytemi
makeup studio near by me,0,,gleambytemi
makeup ísland,0,,gleambytemi
maquiagem foundation,0,,gleambytemi
more than makeup,0,,gleambytemi
natural bridal makeup artist,0,,gleambytemi
natural soft glam wedding makeup,0,,gleambytemi
no makeup makeup makeup,0,,gleambytemi
occasion make up,0,,gleambytemi
perfect makeup artist,0,,gleambytemi
reception makeup artist,0,,gleambytemi
skin eyeshadow,0,,gleambytemi
skin makeup steps,0,,gleambytemi
create a hair website,0,,beathestylist
near by beauty parlour,0,,beathestylist
parlour near me for ladies with prices,0,,beathestylist
cheap ladies salon near me,0,,beathestylist
hair and makeup home service,0,,beathestylist
professional hair and makeup near me,0,,beathestylist
home service beauty parlour,0,,beathestylist
make a hair website,0,,beathestylist
online booking for beauty salon,0,,beathestylist
near by beauty parlour for ladies,0,,beathestylist
online beauty parlour,0,,beathestylist
best hair and makeup salon near me,0,,beathestylist
in home hair and makeup near me,0,,beathestylist
in home beauty services near me,0,,beathestylist
home beauty services near me,0,,beathestylist
book beauty appointments online,0,,beathestylist
online parlour,0,,beathestylist
best parlour for facial near me,0,,beathestylist
in home hair and makeup,0,,beathestylist
hair and makeup that comes to you,0,,beathestylist
best hair salon for females near me,0,,beathestylist
best rated hair stylist near me,0,,beathestylist
best parlour near me for ladies,0,,beathestylist
professional hair and makeup,0,,beathestylist
beauty parlors in my area,0,,beathestylist
best beauty parlour near me for ladies,0,,beathestylist
best hair makeover salon near me,0,,beathestylist
nearby parlour for ladies,0,,beathestylist
beauty salon booking,0,,beathestylist
best hair stylist websites,0,,beathestylist
best beauty salon near me for ladies,0,,beathestylist
salon 15,0,,beathestylist
parlour near me home service,0,,beathestylist
near beauty parlour near me,0,,beathestylist
highest rated hair salon near me,0,,beathestylist
book salon services online,0,,beathestylist
makeup and hair home service,0,,beathestylist
special event hair and makeup near me,0,,beathestylist
special occasion hair stylist near me,0,,beathestylist
best salon for hair treatment,0,,beathestylist
top beauty parlour near me,0,,beathestylist
online salon services near me,0,,beathestylist
home parlor services near me,0,,beathestylist
best home salon services,0,,beathestylist
online parlour services near me,0,,beathestylist
hair extensions parlour near me,0,,beathestylist
nearby beauty parlour for ladies,0,,beathestylist
beauty parlour near me for ladies home service,0,,beathestylist
hair styling home service,0,,beathestylist
home hair and makeup near me,0,,beathestylist
no 1 hair and beauty,0,,beathestylist
online parlor services,0,,beathestylist
home service hair and makeup near me,0,,beathestylist
quince hair stylist near me,0,,beathestylist
esthetic salon near me,0,,beathestylist
bridal beauty parlour near me,0,,beathestylist
online home salon services,0,,beathestylist
in home hair and makeup services,0,,beathestylist
home beauty parlour near me,0,,beathestylist
best hair and makeup near me,0,,beathestylist
wedding makeup and hair stylist near me,0,,beathestylist
beauty parlour near me for facial,0,,beathestylist
hair spa home service,0,,beathestylist
professional makeup and hair near me,0,,beathestylist
beauty home service near me,0,,beathestylist
near me beauty parlour for ladies,0,,beathestylist
special occasion hair and makeup near me,0,,beathestylist
hair treatment offer,0,,beathestylist
hair spa online booking,0,,beathestylist
hair makeover salon near me,0,,beathestylist
parlour near me for bridal makeup,0,,beathestylist
parlour home service available,0,,beathestylist
best hair services near me,0,,beathestylist
ladies salon packages,0,,beathestylist
professional beauty parlour near me,0,,beathestylist
hair salon near me best,0,,beathestylist
best professional hair salon near me,0,,beathestylist
best home service salon,0,,beathestylist
hair makeup services,0,,beathestylist
walk in welcome hair salon,0,,beathestylist
facial and hair salon near me,0,,beathestylist
hair parlour near me for ladies,0,,beathestylist
home services for beauty parlour,0,,beathestylist
beauty parlour package offer near me,0,,beathestylist
beauty the salon,0,,beathestylist
professional makeup and hair,0,,beathestylist
beauty salon by,0,,beathestylist
bridesmaid hair and makeup near me,0,,beathestylist
beauty of salon,0,,beathestylist
top beauty hair salon,0,,beathestylist
salon that does hair and makeup,0,,beathestylist
parlour for bridal makeup near me,0,,beathestylist
ladies salon nearby,0,,beathestylist
top beauty parlour,0,,beathestylist
salon the beauty,0,,beathestylist
beauty in parlour,0,,beathestylist
professional hair and beauty salon,0,,beathestylist
best beauty salon reviews,0,,beathestylist
best hair styling salon near me,0,,beathestylist
best review for beauty salon,0,,beathestylist
the look beauty parlour,0,,beathestylist
hair salon best rated,0,,beathestylist
experience beauty parlour,0,,beathestylist
beauty parlour near my location,0,,beathestylist
best salon for hair spa near me,0,,beathestylist
beauty parlour professional,0,,beathestylist
beauty parlour best,0,,beathestylist
beauty and parlour,0,,beathestylist
makeup salon nearby,0,,beathestylist
style & beauty salon,0,,beathestylist
hair makeup nails salon,0,,beathestylist
the looks beauty salon,0,,beathestylist
excellent beauty parlour,0,,beathestylist
best hair and makeup salon,0,,beathestylist
best review parlour near me,0,,beathestylist
the looks beauty parlour,0,,beathestylist
looks salon bridal makeup,0,,beathestylist
the best beauty parlour,0,,beathestylist
good beauty parlour,0,,beathestylist
the salon hair & beauty,0,,beathestylist
all beauty parlour,0,,beathestylist
elegant touch beauty salon,0,,beathestylist
beauty parlour i,0,,beathestylist
beauty parlour near me for ladies with offers,0,,beathestylist
near me best beauty parlour,0,,beathestylist
best hair and beauty salon,0,,beathestylist
professional ladies salon,0,,beathestylist
makeup beauty parlour near me,0,,beathestylist
ladies hair style beauty parlour,0,,beathestylist
style beauty parlour near me,0,,beathestylist
best review for salon,0,,beathestylist
hair beauty parlour near me,0,,beathestylist
look beauty parlour near me,0,,beathestylist
nearby best hair salon,0,,beathestylist
salon salon hair salon,0,,beathestylist
cheap and best beauty parlour near me,0,,beathestylist
best and cheap beauty parlour near me,0,,beathestylist
beauty parlour for hair,0,,beathestylist
my look beauty parlour,0,,beathestylist
near to beauty parlour,0,,beathestylist
care beauty salon,0,,beathestylist
beauty parlour result,0,,beathestylist
voted best hair salon near me,0,,beathestylist
hair styling parlour near me,0,,beathestylist
