keyword,current_position,best_position,daily_history_newest_first,beathestylist.com.ng,makeupartist.ng,viscorner.com,fejisglam.com,flakkydeemakeova.com.ng
beginner makeup classes near me,2,2,2 23 - 27 - - - 22 27 23 22,,,,5,2
glamour makeup,,4,- 5 4 9 9 - - - - 9 7 7,,,,,
ikeja makeup artist,,7,- 9 9 9 7 - - - - 7 7 8,,,3,,
how much does bridal makeup cost,,9,- 9 10 - 14 - - - - 14 16 18,,,,,
makeup artist ikeja,,9,- 9 - 9 9 - - - - 9 9 9,,,3,,
what is soft glam makeup,,13,- 17 16 - 13 - - - 13 13 17 14,,,,,
soft glam makeup tutorial step by step,,18,- - - - - - - - - - 18 18,,,,,
makeup services,,23,- - - - 23 - - - - 23 23 -,,,,,
how much for bridal makeup,,23,- 23 36 28 - - - - 28 24 24,10,,1,,
how much does makeup and hair cost for wedding,28,26,28 - 26 - 34 - - - - 34 34 34,,,,,
glam near me,,33,- 33 - - - - - - - - - -,,21,2,,
temilola shyllon nigeria,,38,- 39 - - 38 - - - - 38 - 39,,,,,
wedding make up,,,- - - - - - - - - - - -,,,,,
make up,,,- - - - - - - - - - - -,14,,26,,
make up near me,,,- - - - - - - - - - - -,,3,1,,
makeup looks,,,- - - - - - - - - - - -,,,,,
bridal make up artist,,,- - - - - - - - - - - -,,2,12,3,3
cost of wedding hair and makeup,,,- - - - - - - - - - - -,,,23,,
bridal makeup,,,- - - - - - - - - - - -,,,10,,
makeup application,,,- - - - - - - - - - - -,6,,,,
make up places near me,,,- - - - - - - - - - -,16,5,4,6,
make up artist for wedding,,,- - - - - - - - - - - -,,,,,
a wedding,,,- - - - - - - - - - - -,,,,,
makeup artist,,,- - - - - - - - - - - -,11,,3,,
bridal makeup artist,,,- - - - - - - - - - - -,,,,,
wedding makeup,,,- - - - - - - - - - - -,9,,12,,
wedding makeup artist,,,- - - - - - - - - - - -,5,,12,,
my makeup,,,- - - - - - - - - - - -,,,,,
wedding make up artist,,,- - - - - - - - - - - -,7,,6,,
makeup artist makeup,,,- - - - - - - - - - -,,20,9,15,
